id,role,permission_id,created_at
372,director,1,2025-07-22 12:31:32.158015
373,director,2,2025-07-22 12:31:32.165718
374,director,3,2025-07-22 12:31:32.170005
375,director,4,2025-07-22 12:31:32.178038
376,director,5,2025-07-22 12:31:32.183716
377,director,6,2025-07-22 12:31:32.19076
378,director,7,2025-07-22 12:31:32.197441
379,director,8,2025-07-22 12:31:32.202308
380,director,9,2025-07-22 12:31:32.207376
381,director,10,2025-07-22 12:31:32.213119
382,director,11,2025-07-22 12:31:32.217963
383,director,12,2025-07-22 12:31:32.223128
384,director,13,2025-07-22 12:31:32.229705
385,director,14,2025-07-22 12:31:32.235207
386,director,15,2025-07-22 12:31:32.242129
387,director,16,2025-07-22 12:31:32.248857
388,director,17,2025-07-22 12:31:32.255071
389,director,18,2025-07-22 12:31:32.260172
390,director,19,2025-07-22 12:31:32.264996
391,director,20,2025-07-22 12:31:32.270063
392,director,21,2025-07-22 12:31:32.27454
393,director,22,2025-07-22 12:31:32.279749
394,director,23,2025-07-22 12:31:32.285824
395,director,24,2025-07-22 12:31:32.290518
396,manager,1,2025-07-22 12:31:32.295491
397,manager,2,2025-07-22 12:31:32.302804
398,manager,3,2025-07-22 12:31:32.312925
399,manager,5,2025-07-22 12:31:32.318281
400,manager,8,2025-07-22 12:31:32.323465
401,manager,9,2025-07-22 12:31:32.328524
402,manager,10,2025-07-22 12:31:32.334501
403,manager,11,2025-07-22 12:31:32.339622
404,manager,12,2025-07-22 12:31:32.345485
405,manager,15,2025-07-22 12:31:32.350323
406,manager,16,2025-07-22 12:31:32.355619
407,manager,18,2025-07-22 12:31:32.360354
408,manager,19,2025-07-22 12:31:32.365841
409,manager,20,2025-07-22 12:31:32.377296
410,production,1,2025-07-22 12:31:32.382073
411,production,5,2025-07-22 12:31:32.386462
412,production,8,2025-07-22 12:31:32.39117
413,production,12,2025-07-22 12:31:32.396146
414,production,13,2025-07-22 12:31:32.400855
415,production,14,2025-07-22 12:31:32.405941
416,production,15,2025-07-22 12:31:32.414665
417,production,17,2025-07-22 12:31:32.420081
418,production,18,2025-07-22 12:31:32.425343
425,director,1,2025-07-22 12:39:14.306255
426,director,2,2025-07-22 12:39:14.31289
427,director,3,2025-07-22 12:39:14.317595
428,director,4,2025-07-22 12:39:14.322208
429,director,5,2025-07-22 12:39:14.327761
430,director,6,2025-07-22 12:39:14.332848
431,director,7,2025-07-22 12:39:14.340339
432,director,8,2025-07-22 12:39:14.346782
433,director,9,2025-07-22 12:39:14.351696
434,director,10,2025-07-22 12:39:14.356128
435,director,11,2025-07-22 12:39:14.360901
436,director,12,2025-07-22 12:39:14.365166
437,director,13,2025-07-22 12:39:14.369635
438,director,14,2025-07-22 12:39:14.375292
439,director,15,2025-07-22 12:39:14.38015
440,director,16,2025-07-22 12:39:14.38412
441,director,17,2025-07-22 12:39:14.390132
442,director,18,2025-07-22 12:39:14.395158
443,director,19,2025-07-22 12:39:14.401108
444,director,20,2025-07-22 12:39:14.40552
445,director,21,2025-07-22 12:39:14.410607
446,director,22,2025-07-22 12:39:14.414837
447,director,23,2025-07-22 12:39:14.420145
448,director,24,2025-07-22 12:39:14.425665
449,manager,1,2025-07-22 12:39:14.430277
450,manager,2,2025-07-22 12:39:14.435042
451,manager,3,2025-07-22 12:39:14.440598
452,manager,5,2025-07-22 12:39:14.445802
453,manager,8,2025-07-22 12:39:14.451167
454,manager,9,2025-07-22 12:39:14.459798
455,manager,10,2025-07-22 12:39:14.465722
456,manager,11,2025-07-22 12:39:14.471402
457,manager,12,2025-07-22 12:39:14.477232
458,manager,15,2025-07-22 12:39:14.481934
459,manager,16,2025-07-22 12:39:14.490981
460,manager,18,2025-07-22 12:39:14.49574
461,manager,19,2025-07-22 12:39:14.501522
462,manager,20,2025-07-22 12:39:14.509547
463,production,1,2025-07-22 12:39:14.515183
464,production,5,2025-07-22 12:39:14.52519
465,production,8,2025-07-22 12:39:14.530576
466,production,12,2025-07-22 12:39:14.537834
467,production,13,2025-07-22 12:39:14.545123
468,production,14,2025-07-22 12:39:14.551985
469,production,15,2025-07-22 12:39:14.561856
470,production,17,2025-07-22 12:39:14.567637
471,production,18,2025-07-22 12:39:14.573975
478,director,1,2025-07-22 12:50:38.306825
479,director,2,2025-07-22 12:50:38.345213
480,director,3,2025-07-22 12:50:38.353589
481,director,4,2025-07-22 12:50:38.358503
482,director,5,2025-07-22 12:50:38.366528
483,director,6,2025-07-22 12:50:38.375386
484,director,7,2025-07-22 12:50:38.381753
485,director,8,2025-07-22 12:50:38.387265
486,director,9,2025-07-22 12:50:38.402275
487,director,10,2025-07-22 12:50:38.407994
488,director,11,2025-07-22 12:50:38.412318
489,director,12,2025-07-22 12:50:38.419922
490,director,13,2025-07-22 12:50:38.425207
491,director,14,2025-07-22 12:50:38.430907
492,director,15,2025-07-22 12:50:38.436741
493,director,16,2025-07-22 12:50:38.442326
494,director,17,2025-07-22 12:50:38.448157
495,director,18,2025-07-22 12:50:38.453404
496,director,19,2025-07-22 12:50:38.457934
497,director,20,2025-07-22 12:50:38.462623
498,director,21,2025-07-22 12:50:38.467513
499,director,22,2025-07-22 12:50:38.472043
500,director,23,2025-07-22 12:50:38.4765
501,director,24,2025-07-22 12:50:38.48221
502,manager,1,2025-07-22 12:50:38.486675
503,manager,2,2025-07-22 12:50:38.493999
504,manager,3,2025-07-22 12:50:38.499894
505,manager,5,2025-07-22 12:50:38.504304
506,manager,8,2025-07-22 12:50:38.509029
507,manager,9,2025-07-22 12:50:38.514151
508,manager,10,2025-07-22 12:50:38.518044
509,manager,11,2025-07-22 12:50:38.523868
510,manager,12,2025-07-22 12:50:38.530714
511,manager,15,2025-07-22 12:50:38.537564
512,manager,16,2025-07-22 12:50:38.546231
513,manager,18,2025-07-22 12:50:38.551258
514,manager,19,2025-07-22 12:50:38.563698
515,manager,20,2025-07-22 12:50:38.56905
516,production,1,2025-07-22 12:50:38.573955
517,production,5,2025-07-22 12:50:38.578601
518,production,8,2025-07-22 12:50:38.583513
519,production,12,2025-07-22 12:50:38.588993
520,production,13,2025-07-22 12:50:38.595073
521,production,14,2025-07-22 12:50:38.601289
522,production,15,2025-07-22 12:50:38.6066
523,production,17,2025-07-22 12:50:38.612176
524,production,18,2025-07-22 12:50:38.616697
531,director,1,2025-07-23 09:54:51.062258
532,director,2,2025-07-23 09:54:51.080804
533,director,3,2025-07-23 09:54:51.091308
534,director,4,2025-07-23 09:54:51.097052
535,director,5,2025-07-23 09:54:51.110001
536,director,6,2025-07-23 09:54:51.11443
537,director,7,2025-07-23 09:54:51.121718
538,director,8,2025-07-23 09:54:51.129457
539,director,9,2025-07-23 09:54:51.134698
540,director,10,2025-07-23 09:54:51.139867
541,director,11,2025-07-23 09:54:51.145321
542,director,12,2025-07-23 09:54:51.15039
543,director,13,2025-07-23 09:54:51.154924
544,director,14,2025-07-23 09:54:51.159909
545,director,15,2025-07-23 09:54:51.165225
546,director,16,2025-07-23 09:54:51.170508
547,director,17,2025-07-23 09:54:51.175234
548,director,18,2025-07-23 09:54:51.17966
549,director,19,2025-07-23 09:54:51.184133
550,director,20,2025-07-23 09:54:51.190726
551,director,21,2025-07-23 09:54:51.195778
552,director,22,2025-07-23 09:54:51.200769
553,director,23,2025-07-23 09:54:51.206275
554,director,24,2025-07-23 09:54:51.211465
555,manager,1,2025-07-23 09:54:51.221012
556,manager,2,2025-07-23 09:54:51.228678
557,manager,3,2025-07-23 09:54:51.234643
558,manager,5,2025-07-23 09:54:51.249294
559,manager,8,2025-07-23 09:54:51.257704
560,manager,9,2025-07-23 09:54:51.262429
561,manager,10,2025-07-23 09:54:51.268334
562,manager,11,2025-07-23 09:54:51.273799
563,manager,12,2025-07-23 09:54:51.278043
564,manager,15,2025-07-23 09:54:51.281961
565,manager,16,2025-07-23 09:54:51.288742
566,manager,18,2025-07-23 09:54:51.293724
567,manager,19,2025-07-23 09:54:51.302002
568,manager,20,2025-07-23 09:54:51.307437
569,production,1,2025-07-23 09:54:51.312186
570,production,5,2025-07-23 09:54:51.31882
571,production,8,2025-07-23 09:54:51.324126
572,production,12,2025-07-23 09:54:51.33637
573,production,13,2025-07-23 09:54:51.34167
574,production,14,2025-07-23 09:54:51.3472
575,production,15,2025-07-23 09:54:51.351718
576,production,17,2025-07-23 09:54:51.358473
577,production,18,2025-07-23 09:54:51.364798
584,director,1,2025-07-28 10:46:07.80698
585,director,2,2025-07-28 10:46:07.811813
586,director,3,2025-07-28 10:46:07.815584
587,director,4,2025-07-28 10:46:07.819778
588,director,5,2025-07-28 10:46:07.825571
589,director,6,2025-07-28 10:46:07.829591
590,director,7,2025-07-28 10:46:07.833559
591,director,8,2025-07-28 10:46:07.837102
592,director,9,2025-07-28 10:46:07.840617
593,director,10,2025-07-28 10:46:07.844179
594,director,11,2025-07-28 10:46:07.848198
595,director,12,2025-07-28 10:46:07.851936
596,director,13,2025-07-28 10:46:07.855646
597,director,14,2025-07-28 10:46:07.864583
598,director,15,2025-07-28 10:46:07.872754
599,director,16,2025-07-28 10:46:07.876507
600,director,17,2025-07-28 10:46:07.88344
601,director,18,2025-07-28 10:46:07.888812
602,director,19,2025-07-28 10:46:07.893621
603,director,20,2025-07-28 10:46:07.897073
604,director,21,2025-07-28 10:46:07.900637
605,director,22,2025-07-28 10:46:07.904321
606,director,23,2025-07-28 10:46:07.909114
607,director,24,2025-07-28 10:46:07.913753
608,manager,1,2025-07-28 10:46:07.917445
609,manager,2,2025-07-28 10:46:07.920758
610,manager,3,2025-07-28 10:46:07.924363
611,manager,5,2025-07-28 10:46:07.927882
612,manager,8,2025-07-28 10:46:07.934977
613,manager,9,2025-07-28 10:46:07.938411
614,manager,10,2025-07-28 10:46:07.941493
615,manager,11,2025-07-28 10:46:07.944684
616,manager,12,2025-07-28 10:46:07.948686
617,manager,15,2025-07-28 10:46:07.952121
618,manager,16,2025-07-28 10:46:07.955423
619,manager,18,2025-07-28 10:46:07.958967
620,manager,19,2025-07-28 10:46:07.963634
621,manager,20,2025-07-28 10:46:07.967132
622,production,1,2025-07-28 10:46:07.970412
623,production,5,2025-07-28 10:46:07.974242
624,production,8,2025-07-28 10:46:07.979741
625,production,12,2025-07-28 10:46:07.996651
626,production,13,2025-07-28 10:46:08.003435
627,production,14,2025-07-28 10:46:08.007248
628,production,15,2025-07-28 10:46:08.010771
629,production,17,2025-07-28 10:46:08.014183
630,production,18,2025-07-28 10:46:08.018708
637,director,1,2025-07-28 17:36:43.202444
638,director,2,2025-07-28 17:36:43.20855
639,director,3,2025-07-28 17:36:43.213442
640,director,4,2025-07-28 17:36:43.218938
641,director,5,2025-07-28 17:36:43.222625
642,director,6,2025-07-28 17:36:43.231544
643,director,7,2025-07-28 17:36:43.236571
644,director,8,2025-07-28 17:36:43.241623
645,director,9,2025-07-28 17:36:43.248916
646,director,10,2025-07-28 17:36:43.253415
647,director,11,2025-07-28 17:36:43.258042
648,director,12,2025-07-28 17:36:43.26422
649,director,13,2025-07-28 17:36:43.269644
650,director,14,2025-07-28 17:36:43.274372
651,director,15,2025-07-28 17:36:43.278845
652,director,16,2025-07-28 17:36:43.283705
653,director,17,2025-07-28 17:36:43.288018
654,director,18,2025-07-28 17:36:43.29276
655,director,19,2025-07-28 17:36:43.296772
656,director,20,2025-07-28 17:36:43.30071
657,director,21,2025-07-28 17:36:43.305031
658,director,22,2025-07-28 17:36:43.309257
659,director,23,2025-07-28 17:36:43.330397
660,director,24,2025-07-28 17:36:43.335204
661,manager,1,2025-07-28 17:36:43.339396
662,manager,2,2025-07-28 17:36:43.344076
663,manager,3,2025-07-28 17:36:43.347962
664,manager,5,2025-07-28 17:36:43.351721
665,manager,8,2025-07-28 17:36:43.355456
666,manager,9,2025-07-28 17:36:43.359676
667,manager,10,2025-07-28 17:36:43.364633
668,manager,11,2025-07-28 17:36:43.371245
669,manager,12,2025-07-28 17:36:43.376486
670,manager,15,2025-07-28 17:36:43.385572
671,manager,16,2025-07-28 17:36:43.39852
672,manager,18,2025-07-28 17:36:43.408177
673,manager,19,2025-07-28 17:36:43.413438
674,manager,20,2025-07-28 17:36:43.421847
675,production,1,2025-07-28 17:36:43.432208
676,production,5,2025-07-28 17:36:43.438531
677,production,8,2025-07-28 17:36:43.446197
678,production,12,2025-07-28 17:36:43.450397
679,production,13,2025-07-28 17:36:43.456558
680,production,14,2025-07-28 17:36:43.462154
681,production,15,2025-07-28 17:36:43.466165
682,production,17,2025-07-28 17:36:43.470102
683,production,18,2025-07-28 17:36:43.474095
690,director,1,2025-07-28 17:59:09.069689
691,director,2,2025-07-28 17:59:09.075052
692,director,3,2025-07-28 17:59:09.079906
693,director,4,2025-07-28 17:59:09.084876
694,director,5,2025-07-28 17:59:09.090125
695,director,6,2025-07-28 17:59:09.097366
696,director,7,2025-07-28 17:59:09.105124
697,director,8,2025-07-28 17:59:09.112612
698,director,9,2025-07-28 17:59:09.117863
699,director,10,2025-07-28 17:59:09.121637
700,director,11,2025-07-28 17:59:09.125269
701,director,12,2025-07-28 17:59:09.128694
702,director,13,2025-07-28 17:59:09.132495
703,director,14,2025-07-28 17:59:09.136366
704,director,15,2025-07-28 17:59:09.140217
705,director,16,2025-07-28 17:59:09.150124
706,director,17,2025-07-28 17:59:09.153915
707,director,18,2025-07-28 17:59:09.159836
708,director,19,2025-07-28 17:59:09.164466
709,director,20,2025-07-28 17:59:09.169043
710,director,21,2025-07-28 17:59:09.173013
711,director,22,2025-07-28 17:59:09.177471
712,director,23,2025-07-28 17:59:09.181123
713,director,24,2025-07-28 17:59:09.184906
714,manager,1,2025-07-28 17:59:09.189479
715,manager,2,2025-07-28 17:59:09.194268
716,manager,3,2025-07-28 17:59:09.198255
717,manager,5,2025-07-28 17:59:09.204311
718,manager,8,2025-07-28 17:59:09.209288
719,manager,9,2025-07-28 17:59:09.21443
720,manager,10,2025-07-28 17:59:09.218773
721,manager,11,2025-07-28 17:59:09.224412
722,manager,12,2025-07-28 17:59:09.229822
723,manager,15,2025-07-28 17:59:09.234159
724,manager,16,2025-07-28 17:59:09.240662
725,manager,18,2025-07-28 17:59:09.245745
726,manager,19,2025-07-28 17:59:09.250178
727,manager,20,2025-07-28 17:59:09.255656
728,production,1,2025-07-28 17:59:09.26025
729,production,5,2025-07-28 17:59:09.267544
730,production,8,2025-07-28 17:59:09.27183
731,production,12,2025-07-28 17:59:09.276129
732,production,13,2025-07-28 17:59:09.280316
733,production,14,2025-07-28 17:59:09.28454
734,production,15,2025-07-28 17:59:09.289357
735,production,17,2025-07-28 17:59:09.293537
736,production,18,2025-07-28 17:59:09.297639
936,warehouse,1,2025-07-31 08:41:45.988324
937,warehouse,5,2025-07-31 08:41:45.988324
938,warehouse,6,2025-07-31 08:41:45.988324
939,warehouse,18,2025-07-31 08:41:45.988324
940,warehouse,20,2025-07-31 08:41:45.988324
941,warehouse,1,2025-07-31 08:41:45.988324
942,warehouse,5,2025-07-31 08:41:45.988324
943,warehouse,6,2025-07-31 08:41:45.988324
944,warehouse,18,2025-07-31 08:41:45.988324
945,warehouse,20,2025-07-31 08:41:45.988324
946,warehouse,1,2025-07-31 08:41:45.988324
947,warehouse,5,2025-07-31 08:41:45.988324
948,warehouse,6,2025-07-31 08:41:45.988324
949,warehouse,18,2025-07-31 08:41:45.988324
950,warehouse,20,2025-07-31 08:41:45.988324
951,warehouse,1,2025-07-31 08:41:45.988324
952,warehouse,5,2025-07-31 08:41:45.988324
953,warehouse,6,2025-07-31 08:41:45.988324
954,warehouse,18,2025-07-31 08:41:45.988324
955,warehouse,20,2025-07-31 08:41:45.988324
956,warehouse,1,2025-07-31 08:41:45.988324
957,warehouse,5,2025-07-31 08:41:45.988324
958,warehouse,6,2025-07-31 08:41:45.988324
959,warehouse,18,2025-07-31 08:41:45.988324
960,warehouse,20,2025-07-31 08:41:45.988324
961,warehouse,1,2025-07-31 08:41:45.988324
962,warehouse,5,2025-07-31 08:41:45.988324
963,warehouse,6,2025-07-31 08:41:45.988324
964,warehouse,18,2025-07-31 08:41:45.988324
965,warehouse,20,2025-07-31 08:41:45.988324
966,warehouse,1,2025-07-31 08:41:45.988324
967,warehouse,5,2025-07-31 08:41:45.988324
968,warehouse,6,2025-07-31 08:41:45.988324
969,warehouse,18,2025-07-31 08:41:45.988324
970,warehouse,20,2025-07-31 08:41:45.988324
971,warehouse,15,2025-07-31 08:41:45.988324
972,warehouse,12,2025-07-31 08:41:45.988324
973,warehouse,7,2025-07-31 08:41:45.988324
974,warehouse,2,2025-07-31 08:41:45.988324
975,warehouse,3,2025-07-31 08:41:45.988324
1041,director,1,2025-08-01 13:34:59.76791
1042,director,2,2025-08-01 13:34:59.775559
1043,director,3,2025-08-01 13:34:59.78092
1044,director,4,2025-08-01 13:34:59.785152
1045,director,5,2025-08-01 13:34:59.78936
1046,director,6,2025-08-01 13:34:59.79398
1047,director,7,2025-08-01 13:34:59.799186
1048,director,8,2025-08-01 13:34:59.804054
1049,director,9,2025-08-01 13:34:59.809681
1050,director,10,2025-08-01 13:34:59.815289
1051,director,11,2025-08-01 13:34:59.819785
1052,director,12,2025-08-01 13:34:59.827611
1053,director,13,2025-08-01 13:34:59.831605
1054,director,14,2025-08-01 13:34:59.845327
1055,director,15,2025-08-01 13:34:59.85064
1056,director,16,2025-08-01 13:34:59.855474
1057,director,17,2025-08-01 13:34:59.86
1058,director,18,2025-08-01 13:34:59.865715
1059,director,19,2025-08-01 13:34:59.870539
1060,director,20,2025-08-01 13:34:59.874729
1061,director,21,2025-08-01 13:34:59.879549
1062,director,22,2025-08-01 13:34:59.884387
1063,director,23,2025-08-01 13:34:59.889421
1064,director,24,2025-08-01 13:34:59.895103
1065,director,361,2025-08-01 13:34:59.899251
1066,director,362,2025-08-01 13:34:59.904522
1067,director,363,2025-08-01 13:34:59.9084
1068,director,364,2025-08-01 13:34:59.91276
1069,director,365,2025-08-01 13:34:59.918195
1070,manager,1,2025-08-01 13:34:59.922598
1071,manager,2,2025-08-01 13:34:59.926706
1072,manager,3,2025-08-01 13:34:59.931178
1073,manager,361,2025-08-01 13:34:59.934931
1074,manager,5,2025-08-01 13:34:59.938651
1075,manager,8,2025-08-01 13:34:59.942484
1076,manager,9,2025-08-01 13:34:59.946439
1077,manager,10,2025-08-01 13:34:59.953376
1078,manager,11,2025-08-01 13:34:59.958417
1079,manager,362,2025-08-01 13:34:59.963431
1080,manager,12,2025-08-01 13:34:59.970721
1081,manager,15,2025-08-01 13:34:59.976255
1082,manager,16,2025-08-01 13:34:59.981514
1083,manager,18,2025-08-01 13:34:59.986791
1084,manager,19,2025-08-01 13:34:59.993259
1085,manager,20,2025-08-01 13:34:59.999752
1086,manager,365,2025-08-01 13:35:00.007226
1087,production,1,2025-08-01 13:35:00.018984
1088,production,5,2025-08-01 13:35:00.024386
1089,production,8,2025-08-01 13:35:00.028941
1090,production,12,2025-08-01 13:35:00.035029
1091,production,13,2025-08-01 13:35:00.039486
1092,production,14,2025-08-01 13:35:00.044138
1093,production,363,2025-08-01 13:35:00.053851
1094,production,15,2025-08-01 13:35:00.06015
1095,production,17,2025-08-01 13:35:00.068932
1096,production,364,2025-08-01 13:35:00.073667
1097,production,18,2025-08-01 13:35:00.077706
1098,warehouse,1,2025-08-01 13:35:00.082379
1099,warehouse,361,2025-08-01 13:35:00.086438
1100,warehouse,5,2025-08-01 13:35:00.090429
1101,warehouse,6,2025-08-01 13:35:00.094566
1102,warehouse,8,2025-08-01 13:35:00.09885
1103,warehouse,18,2025-08-01 13:35:00.104384
976,director,1,2025-08-01 13:32:57.794496
977,director,2,2025-08-01 13:32:57.79983
978,director,3,2025-08-01 13:32:57.803774
979,director,4,2025-08-01 13:32:57.815441
980,director,5,2025-08-01 13:32:57.823929
981,director,6,2025-08-01 13:32:57.828516
982,director,7,2025-08-01 13:32:57.83315
983,director,8,2025-08-01 13:32:57.838352
984,director,9,2025-08-01 13:32:57.847138
985,director,10,2025-08-01 13:32:57.852449
986,director,11,2025-08-01 13:32:57.856848
987,director,12,2025-08-01 13:32:57.860702
988,director,13,2025-08-01 13:32:57.865793
989,director,14,2025-08-01 13:32:57.869707
990,director,15,2025-08-01 13:32:57.874262
991,director,16,2025-08-01 13:32:57.87796
992,director,17,2025-08-01 13:32:57.882509
993,director,18,2025-08-01 13:32:57.887055
994,director,19,2025-08-01 13:32:57.891277
995,director,20,2025-08-01 13:32:57.896125
996,director,21,2025-08-01 13:32:57.900417
997,director,22,2025-08-01 13:32:57.905643
998,director,23,2025-08-01 13:32:57.910148
999,director,24,2025-08-01 13:32:57.914594
1000,director,361,2025-08-01 13:32:57.919575
1001,director,362,2025-08-01 13:32:57.923759
1002,director,363,2025-08-01 13:32:57.927346
1003,director,364,2025-08-01 13:32:57.934144
1004,director,365,2025-08-01 13:32:57.940874
1005,manager,1,2025-08-01 13:32:57.945666
1006,manager,2,2025-08-01 13:32:57.949483
1007,manager,3,2025-08-01 13:32:57.95417
1008,manager,361,2025-08-01 13:32:57.957918
1009,manager,5,2025-08-01 13:32:57.965215
1010,manager,8,2025-08-01 13:32:57.969528
1011,manager,9,2025-08-01 13:32:57.973692
1012,manager,10,2025-08-01 13:32:57.977701
1013,manager,11,2025-08-01 13:32:57.983019
1014,manager,362,2025-08-01 13:32:57.986858
1015,manager,12,2025-08-01 13:32:57.990659
1016,manager,15,2025-08-01 13:32:57.994221
1017,manager,16,2025-08-01 13:32:58.000035
1018,manager,18,2025-08-01 13:32:58.006335
1019,manager,19,2025-08-01 13:32:58.013473
1020,manager,20,2025-08-01 13:32:58.019095
1021,manager,365,2025-08-01 13:32:58.025073
1022,production,1,2025-08-01 13:32:58.031226
1023,production,5,2025-08-01 13:32:58.036349
1024,production,8,2025-08-01 13:32:58.04076
1025,production,12,2025-08-01 13:32:58.046505
1026,production,13,2025-08-01 13:32:58.050765
1027,production,14,2025-08-01 13:32:58.057536
1028,production,363,2025-08-01 13:32:58.062606
1029,production,15,2025-08-01 13:32:58.068346
1030,production,17,2025-08-01 13:32:58.072768
1031,production,364,2025-08-01 13:32:58.077646
1032,production,18,2025-08-01 13:32:58.082095
1033,warehouse,1,2025-08-01 13:32:58.089357
1034,warehouse,361,2025-08-01 13:32:58.094716
1035,warehouse,5,2025-08-01 13:32:58.099274
1036,warehouse,6,2025-08-01 13:32:58.105185
1037,warehouse,8,2025-08-01 13:32:58.110381
1038,warehouse,18,2025-08-01 13:32:58.115396
1039,warehouse,20,2025-08-01 13:32:58.120113
1040,warehouse,365,2025-08-01 13:32:58.12541
1104,warehouse,20,2025-08-01 13:35:00.113376
1105,warehouse,365,2025-08-01 13:35:00.121085
1106,director,1,2025-08-01 13:43:39.455566
1107,director,2,2025-08-01 13:43:39.460842
1108,director,3,2025-08-01 13:43:39.465217
1109,director,4,2025-08-01 13:43:39.470446
1110,director,5,2025-08-01 13:43:39.475116
1111,director,6,2025-08-01 13:43:39.479117
1112,director,7,2025-08-01 13:43:39.484566
1113,director,8,2025-08-01 13:43:39.488741
1114,director,9,2025-08-01 13:43:39.494755
1115,director,10,2025-08-01 13:43:39.498756
1116,director,11,2025-08-01 13:43:39.504723
1117,director,12,2025-08-01 13:43:39.509036
1118,director,13,2025-08-01 13:43:39.513085
1119,director,14,2025-08-01 13:43:39.517791
1120,director,15,2025-08-01 13:43:39.521946
1121,director,16,2025-08-01 13:43:39.526201
1122,director,17,2025-08-01 13:43:39.530876
1123,director,18,2025-08-01 13:43:39.535455
1124,director,19,2025-08-01 13:43:39.551202
1125,director,20,2025-08-01 13:43:39.558023
1126,director,21,2025-08-01 13:43:39.565885
1127,director,22,2025-08-01 13:43:39.573598
1128,director,23,2025-08-01 13:43:39.579462
1129,director,24,2025-08-01 13:43:39.587415
1130,director,361,2025-08-01 13:43:39.593945
1131,director,362,2025-08-01 13:43:39.598863
1132,director,363,2025-08-01 13:43:39.605832
1133,director,364,2025-08-01 13:43:39.613512
1134,director,365,2025-08-01 13:43:39.619888
1135,manager,1,2025-08-01 13:43:39.624326
1136,manager,2,2025-08-01 13:43:39.633922
1137,manager,3,2025-08-01 13:43:39.641106
1138,manager,361,2025-08-01 13:43:39.644942
1139,manager,5,2025-08-01 13:43:39.653349
1140,manager,8,2025-08-01 13:43:39.658975
1141,manager,9,2025-08-01 13:43:39.663156
1142,manager,10,2025-08-01 13:43:39.667352
1143,manager,11,2025-08-01 13:43:39.672776
1144,manager,362,2025-08-01 13:43:39.676697
1145,manager,12,2025-08-01 13:43:39.681007
1146,manager,15,2025-08-01 13:43:39.685036
1147,manager,16,2025-08-01 13:43:39.689569
1148,manager,18,2025-08-01 13:43:39.694071
1149,manager,19,2025-08-01 13:43:39.698296
1150,manager,20,2025-08-01 13:43:39.70558
1151,manager,365,2025-08-01 13:43:39.710352
1152,production,1,2025-08-01 13:43:39.714495
1153,production,5,2025-08-01 13:43:39.719003
1154,production,8,2025-08-01 13:43:39.725053
1155,production,12,2025-08-01 13:43:39.729689
1156,production,13,2025-08-01 13:43:39.734188
1157,production,14,2025-08-01 13:43:39.739068
1158,production,363,2025-08-01 13:43:39.747335
1159,production,15,2025-08-01 13:43:39.753409
1160,production,17,2025-08-01 13:43:39.757818
1161,production,364,2025-08-01 13:43:39.764197
1162,production,18,2025-08-01 13:43:39.773468
1163,warehouse,1,2025-08-01 13:43:39.7898
1164,warehouse,361,2025-08-01 13:43:39.794935
1165,warehouse,5,2025-08-01 13:43:39.799836
1166,warehouse,6,2025-08-01 13:43:39.806059
1167,warehouse,8,2025-08-01 13:43:39.811119
1168,warehouse,18,2025-08-01 13:43:39.815679
1169,warehouse,20,2025-08-01 13:43:39.820561
1170,warehouse,365,2025-08-01 13:43:39.824687
1171,director,1,2025-08-01 13:52:35.003484
1172,director,2,2025-08-01 13:52:35.009787
1173,director,3,2025-08-01 13:52:35.016853
1174,director,4,2025-08-01 13:52:35.02144
1175,director,5,2025-08-01 13:52:35.02635
1176,director,6,2025-08-01 13:52:35.032215
1177,director,7,2025-08-01 13:52:35.036117
1178,director,8,2025-08-01 13:52:35.039759
1179,director,9,2025-08-01 13:52:35.043281
1180,director,10,2025-08-01 13:52:35.047237
1181,director,11,2025-08-01 13:52:35.052221
1182,director,12,2025-08-01 13:52:35.059196
1183,director,13,2025-08-01 13:52:35.063215
1184,director,14,2025-08-01 13:52:35.066884
1185,director,15,2025-08-01 13:52:35.070611
1186,director,16,2025-08-01 13:52:35.074641
1187,director,17,2025-08-01 13:52:35.078286
1188,director,18,2025-08-01 13:52:35.082728
1189,director,19,2025-08-01 13:52:35.087863
1190,director,20,2025-08-01 13:52:35.096608
1191,director,21,2025-08-01 13:52:35.116726
1192,director,22,2025-08-01 13:52:35.121818
1193,director,23,2025-08-01 13:52:35.12787
1194,director,24,2025-08-01 13:52:35.135194
1195,director,361,2025-08-01 13:52:35.13906
1196,director,362,2025-08-01 13:52:35.144555
1197,director,363,2025-08-01 13:52:35.148394
1198,director,364,2025-08-01 13:52:35.154244
1199,director,365,2025-08-01 13:52:35.159086
1200,manager,1,2025-08-01 13:52:35.163452
1201,manager,2,2025-08-01 13:52:35.168183
1202,manager,3,2025-08-01 13:52:35.172837
1203,manager,361,2025-08-01 13:52:35.176537
1204,manager,5,2025-08-01 13:52:35.180579
1205,manager,8,2025-08-01 13:52:35.190642
1206,manager,9,2025-08-01 13:52:35.197607
1207,manager,10,2025-08-01 13:52:35.204153
1208,manager,11,2025-08-01 13:52:35.208645
1209,manager,362,2025-08-01 13:52:35.214567
1210,manager,12,2025-08-01 13:52:35.219216
1211,manager,15,2025-08-01 13:52:35.224346
1212,manager,16,2025-08-01 13:52:35.228736
1213,manager,18,2025-08-01 13:52:35.23966
1214,manager,19,2025-08-01 13:52:35.247371
1215,manager,20,2025-08-01 13:52:35.251819
1216,manager,365,2025-08-01 13:52:35.258581
1217,production,1,2025-08-01 13:52:35.263793
1218,production,5,2025-08-01 13:52:35.268187
1219,production,8,2025-08-01 13:52:35.272437
1220,production,12,2025-08-01 13:52:35.277473
1221,production,13,2025-08-01 13:52:35.281596
1222,production,14,2025-08-01 13:52:35.286496
1223,production,363,2025-08-01 13:52:35.292014
1224,production,15,2025-08-01 13:52:35.299357
1225,production,17,2025-08-01 13:52:35.305758
1226,production,364,2025-08-01 13:52:35.310219
1227,production,18,2025-08-01 13:52:35.315552
1228,warehouse,1,2025-08-01 13:52:35.32286
1229,warehouse,361,2025-08-01 13:52:35.330409
1230,warehouse,5,2025-08-01 13:52:35.334611
1231,warehouse,6,2025-08-01 13:52:35.338723
1232,warehouse,8,2025-08-01 13:52:35.343743
1233,warehouse,18,2025-08-01 13:52:35.34851
1234,warehouse,20,2025-08-01 13:52:35.352391
1235,warehouse,365,2025-08-01 13:52:35.356387
1236,director,1,2025-08-01 13:53:22.242314
1237,director,2,2025-08-01 13:53:22.246828
1238,director,3,2025-08-01 13:53:22.250724
1239,director,4,2025-08-01 13:53:22.254717
1240,director,5,2025-08-01 13:53:22.259191
1241,director,6,2025-08-01 13:53:22.265711
1242,director,7,2025-08-01 13:53:22.270682
1243,director,8,2025-08-01 13:53:22.277332
1244,director,9,2025-08-01 13:53:22.28513
1245,director,10,2025-08-01 13:53:22.290611
1246,director,11,2025-08-01 13:53:22.29559
1247,director,12,2025-08-01 13:53:22.300894
1248,director,13,2025-08-01 13:53:22.307379
1249,director,14,2025-08-01 13:53:22.31122
1250,director,15,2025-08-01 13:53:22.316108
1251,director,16,2025-08-01 13:53:22.320812
1252,director,17,2025-08-01 13:53:22.326284
1253,director,18,2025-08-01 13:53:22.331679
1254,director,19,2025-08-01 13:53:22.337132
1255,director,20,2025-08-01 13:53:22.340827
1256,director,21,2025-08-01 13:53:22.34538
1257,director,22,2025-08-01 13:53:22.35006
1258,director,23,2025-08-01 13:53:22.354589
1259,director,24,2025-08-01 13:53:22.358983
1260,director,361,2025-08-01 13:53:22.363819
1261,director,362,2025-08-01 13:53:22.368373
1262,director,363,2025-08-01 13:53:22.372325
1263,director,364,2025-08-01 13:53:22.37746
1264,director,365,2025-08-01 13:53:22.382641
1265,manager,1,2025-08-01 13:53:22.38787
1266,manager,2,2025-08-01 13:53:22.392032
1267,manager,3,2025-08-01 13:53:22.396854
1268,manager,361,2025-08-01 13:53:22.401547
1269,manager,5,2025-08-01 13:53:22.406009
1270,manager,8,2025-08-01 13:53:22.410557
1271,manager,9,2025-08-01 13:53:22.415028
1272,manager,10,2025-08-01 13:53:22.419698
1273,manager,11,2025-08-01 13:53:22.424238
1274,manager,362,2025-08-01 13:53:22.429691
1275,manager,12,2025-08-01 13:53:22.434977
1276,manager,15,2025-08-01 13:53:22.439839
1277,manager,16,2025-08-01 13:53:22.446371
1278,manager,18,2025-08-01 13:53:22.453045
1279,manager,19,2025-08-01 13:53:22.461908
1280,manager,20,2025-08-01 13:53:22.466211
1281,manager,365,2025-08-01 13:53:22.472078
1282,production,1,2025-08-01 13:53:22.477085
1283,production,5,2025-08-01 13:53:22.482027
1284,production,8,2025-08-01 13:53:22.485829
1285,production,12,2025-08-01 13:53:22.490516
1286,production,13,2025-08-01 13:53:22.494737
1287,production,14,2025-08-01 13:53:22.498759
1288,production,363,2025-08-01 13:53:22.503478
1289,production,15,2025-08-01 13:53:22.509051
1290,production,17,2025-08-01 13:53:22.515359
1291,production,364,2025-08-01 13:53:22.519697
1292,production,18,2025-08-01 13:53:22.523776
1293,warehouse,1,2025-08-01 13:53:22.529586
1294,warehouse,361,2025-08-01 13:53:22.53566
1295,warehouse,5,2025-08-01 13:53:22.539626
1296,warehouse,6,2025-08-01 13:53:22.547395
1297,warehouse,8,2025-08-01 13:53:22.551907
1298,warehouse,18,2025-08-01 13:53:22.556129
1299,warehouse,20,2025-08-01 13:53:22.561387
1300,warehouse,365,2025-08-01 13:53:22.571741
